{
  "size": 12,
  "difficulty": "expert",
  "num_problems": 30,
  "num_seeds": 1,
  "results": [
    {
      "avg_time": 5.2395806095816875,
      "success_rate": 0.7333333333333333,
      "avg_plan_length": 30.045454545454547,
      "wall_time_s": 343.7,
      "config": "llm_rules_gemma3-12b"
    }
  ]
}