{
  "size": 15,
  "difficulty": "medium",
  "num_problems": 30,
  "num_seeds": 1,
  "results": [
    {
      "avg_time": 9.006901897233108,
      "success_rate": 0.9666666666666667,
      "avg_plan_length": 31.03448275862069,
      "wall_time_s": 306.4,
      "config": "llm_rules_gemma3-12b"
    }
  ]
}